category,name,url
學校作業,TKU iClass,https://iclass.tku.edu.tw
學校作業,NTU Cool,https://cool.ntu.edu.tw
學校作業,Gamma,https://gamma.app/#all
學校作業,TKU 課程查詢,https://esquery.tku.edu.tw/acad
學校作業,TKU 校務查詢,http://sinfo.ais.tku.edu.tw/eMis
學校作業,TKU 學務查詢,https://www.sis.tku.edu.tw
工作工具,Google Gemini,https://gemini.google.com/app
工作工具,TKU Copilot,https://copilot.tku.edu.tw/zh
工作工具,GitHub,https://github.com
工作工具,MS Azure,https://portal.azure.com/#home
工作工具,HackMD,https://hackmd.io
工作工具,沉浸式翻譯,https://immersivetranslate.com/zh-TW/document
休閒娛樂,YouTube,https://www.youtube.com
休閒娛樂,YT Music,https://music.youtube.com
休閒娛樂,HoYoLab,https://www.hoyolab.com/home
休閒娛樂,SKPort,https://www.skport.com
